Ticker,Aplicacao_12_meses,Ativo_vs_Poupanca,Montante_final_fundo,Montante_final_poupanca,Rendimento_isento_IR_fundo,Valorizacao_patrimonial_fundo
AAGR11,50000.0,,54921.42,53000.0,3243.1,51678.32
AATH11,50000.0,,,53000.0,,58118.4
AAZQ11,50000.0,,51176.83,53000.0,8866.77,42310.06
ABCP11,50000.0,,55142.32,53000.0,4762.84,50379.48
AEFI11,50000.0,,,53000.0,,50000.0
AFCR11,50000.0,,,,,
AFHI11,50000.0,,57687.16,53000.0,6078.48,51608.68
AFOF11,50000.0,,,,,
AGCX11,50000.0,,,53000.0,,50000.0
AGRX11,50000.0,,,53000.0,,48815.12
AIEC11,50000.0,,47838.54,53000.0,8027.52,39811.02
AJFI11,50000.0,,45958.23,53000.0,3831.98,42126.25
ALMI11,50000.0,,43457.59,53000.0,476.35,42981.23
ALMI11B,50000.0,,,,,
ALZC11,50000.0,,57100.5,53000.0,2418.0,54682.5
ALZR11,50000.0,,52928.41,53000.0,4723.16,48205.25
AMAZ11,50000.0,,,,,
ANCR11B,50000.0,,47220.37,53000.0,636.24,46584.13
APTO11,50000.0,,54402.86,53000.0,5782.7,48620.16
APXM11,50000.0,,45737.56,53000.0,3201.07,42536.49
APXR11,50000.0,,,53000.0,,50505.0
APXU11,50000.0,,,,,
AQLL11,50000.0,,,53000.0,,50000.0
ARCT11,50000.0,,,53000.0,,40354.4
ARFI11B,50000.0,,,53000.0,,50000.0
AROA11,50000.0,,50639.95,53000.0,3494.95,47145.0
ARRI11,50000.0,,57873.61,53000.0,6628.8,51244.81
ARXD11,50000.0,,57522.61,53000.0,6162.75,51359.86
ASMT11,50000.0,,38620.22,53000.0,1039.5,37580.72
ASRF11,50000.0,,54433.56,53000.0,1025.31,53408.24
ATCR11,50000.0,,,,,
ATSA11,50000.0,,51291.62,53000.0,642.24,50649.38
ATSA11B,50000.0,,,,,
ATWN11,50000.0,,,,,
AURB11,50000.0,,45649.2,53000.0,642.4,45006.8
AZIN11,50000.0,,,,,
AZPL11,50000.0,,,,,
BARI11,50000.0,,51936.25,53000.0,5481.81,46454.44
BBFI11B,50000.0,,60582.15,53000.0,12381.44,48200.71
BBFO11,50000.0,,54784.69,53000.0,5309.64,49475.05
BBGO11,50000.0,,51239.49,53000.0,6032.9,45206.59
BBIG11,50000.0,,49633.17,53000.0,1263.12,48370.05
BBIM11,50000.0,,,,,
BBPO11,50000.0,,58851.64,53000.0,5846.28,53005.36
BBRC11,50000.0,,56076.75,53000.0,5886.99,50189.76
BBVJ11,50000.0,,,,,
BCFF11,50000.0,,51442.19,53000.0,5142.02,46300.16
BCFF11B,50000.0,,,,,
BCIA11,50000.0,,56551.46,53000.0,4933.7,51617.76
BCRI11,50000.0,,56339.12,53000.0,7617.52,48721.6
BDIF11,50000.0,,53986.82,53000.0,7210.2,46776.62
BDIV11,50000.0,,,53000.0,,54348.24
BETW11,50000.0,,,,,
BICE11,50000.0,,52973.89,53000.0,5204.52,47769.37
BICR11,50000.0,,27645.77,53000.0,3602.2,24043.57
BIDB11,50000.0,,58994.45,53000.0,6384.87,52609.58
BIME11,50000.0,,55519.3,53000.0,6664.29,48855.01
BIPD11,50000.0,,49750.41,53000.0,3945.78,45804.63
BIPE11,50000.0,,,,,
BLCA11,50000.0,,48437.37,53000.0,9212.0,39225.37
BLCP11,50000.0,,50284.34,53000.0,309.32,49975.02
BLMC11,50000.0,,55443.63,53000.0,2599.07,52844.56
BLMG11,50000.0,,37630.02,53000.0,6968.5,30661.52
BLMO11,50000.0,,325852.56,53000.0,271482.73,54369.83
BLMR11,50000.0,,47284.42,53000.0,1224.08,46060.34
BLOG11,50000.0,,,,,
BLUR11,50000.0,,54245.23,53000.0,5752.8,48492.43
BMII11,50000.0,,,,,
BMLC11,50000.0,,53119.75,53000.0,4533.9,48585.85
BMLC11B,50000.0,,,,,
BNFS11,50000.0,,57709.46,53000.0,6874.97,50834.5
BODB11,50000.0,,53536.54,53000.0,5001.29,48535.25
BPFF11,50000.0,,53324.06,53000.0,5408.88,47915.18
BPLC11,50000.0,,,,,
BPML11,50000.0,,72106.3,53000.0,4673.46,67432.84
BPRP11,50000.0,,61697.56,53000.0,5125.33,56572.23
BRCO11,50000.0,,52679.08,53000.0,4556.09,48122.99
BRCR11,50000.0,,46027.87,53000.0,5332.41,40695.46
BREV11,50000.0,,50515.98,53000.0,276.08,50239.9
BRFT11,50000.0,,46461.41,53000.0,1247.75,45213.66
BRHT11B,50000.0,,,53000.0,,50000.0
BRIM11,50000.0,,87859.54,53000.0,13326.53,74533.01
BRIP11,50000.0,,66534.21,53000.0,12908.1,53626.11
BRIX11,50000.0,,,53000.0,,50000.0
BRLA11,50000.0,,57880.68,53000.0,4357.04,53523.65
BROF11,50000.0,,41733.63,53000.0,6605.16,35128.47
BROL11,50000.0,,,,,
BRSE11,50000.0,,,,,
BRZD11,50000.0,,,,,
BRZP11,50000.0,,,53000.0,,58338.42
BTAG11,50000.0,,,53000.0,,49880.19
BTAL11,50000.0,,50188.85,53000.0,5403.11,44785.74
BTCI11,50000.0,,58976.63,53000.0,5751.95,53224.68
BTCR11,50000.0,,52000.72,53000.0,511.2,51489.52
BTGM11,50000.0,,,,,
BTHI11,50000.0,,50731.56,53000.0,4899.81,45831.75
BTLG11,50000.0,,55596.01,53000.0,4457.15,51138.86
BTML11,50000.0,,54661.15,53000.0,3148.2,51512.95
BTSG11,50000.0,,61914.66,53000.0,3438.24,58476.42
BTSI11,50000.0,,96280.02,53000.0,3836.56,92443.46
BTWR11,50000.0,,59668.71,53000.0,3049.32,56619.39
BTYU11,50000.0,,52248.8,53000.0,1593.81,50655.0
BVAR11,50000.0,,321578825.24,53000.0,7007.04,321571818.2
BZEL11,50000.0,,,,,
BZLI11,50000.0,,,53000.0,,58172.39
CACR11,50000.0,,59660.01,53000.0,7936.94,51723.07
CAFE11,50000.0,,,,,
CARE11,50000.0,,,53000.0,,41835.22
CBOP11,50000.0,,45008.43,53000.0,2570.4,42438.03
CCFA11,50000.0,,,,,
CCLB11,50000.0,,,,,
CCME11,50000.0,,54835.96,53000.0,4975.95,49860.01
CCRF11,50000.0,,51823.96,53000.0,1174.61,50649.35
CCVA11,50000.0,,,,,
CDII11,50000.0,,62290.1,53000.0,6602.92,55687.18
CENU11,50000.0,,,53000.0,,50000.0
CEOC11,50000.0,,49510.13,53000.0,5909.95,43600.18
CEOC11B,50000.0,,,,,
CFHI11,50000.0,,67344.74,53000.0,14090.46,53254.28
CFII11,50000.0,,54149.71,53000.0,5824.0,48325.71
CIXM11,50000.0,,53492.92,53000.0,4202.8,49290.12
CIXR11,50000.0,,,,,
CJCT11,50000.0,,48586.56,53000.0,1324.31,47262.25
CJFI11,50000.0,,,,,
CLIN11,50000.0,,52766.7,53000.0,5343.25,47423.44
CNES11,50000.0,,35104.79,53000.0,3094.38,32010.41
CNES11B,50000.0,,,,,
COPP11,50000.0,,51862.4,53000.0,363.75,51498.65
CORM11,50000.0,,,,,
CPFF11,50000.0,,51415.03,53000.0,5560.73,45854.3
CPFO11,50000.0,,,,,
CPLG11,50000.0,,,53000.0,,52999.38
CPOF11,50000.0,,60163.75,53000.0,2861.12,57302.63
CPSH11,50000.0,,52036.61,53000.0,6021.53,46015.08
CPTI11,50000.0,,55644.97,53000.0,7327.2,48317.77
CPTR11,50000.0,,51323.53,53000.0,7587.56,43735.97
CPTS11,50000.0,,54374.88,53000.0,5204.75,49170.13
CPTS11B,50000.0,,,,,
CRAA11,50000.0,,60174.75,53000.0,7176.96,52997.79
CRFF11,50000.0,,53819.43,53000.0,5048.96,48770.47
CSMC11,50000.0,,,,,
CTEM11,50000.0,,,53000.0,,50000.0
CTNP11,50000.0,,,,,
CTXT11,50000.0,,,53000.0,,32536.29
CVBI11,50000.0,,57058.49,53000.0,5815.26,51243.23
CVPR11,50000.0,,,,,
CXAG11,50000.0,,52516.86,53000.0,5934.5,46582.36
CXCE11B,50000.0,,56479.52,53000.0,5669.59,50809.92
CXCI11,50000.0,,53082.5,53000.0,5790.78,47291.72
CXCO11,50000.0,,51563.49,53000.0,6056.56,45506.93
CXRI11,50000.0,,52690.46,53000.0,4813.3,47877.16
CXTL11,50000.0,,44072.58,53000.0,5734.97,38337.61
CYCR11,50000.0,,59396.82,53000.0,6536.96,52859.86
CYLD11,50000.0,,,53000.0,,49500.0
DAMA11,50000.0,,52468.97,53000.0,1194.0,51274.97
DAMT11B,50000.0,,36905.94,53000.0,1343.26,35562.69
DCRA11,50000.0,,,53000.0,,47560.19
DEVA11,50000.0,,48982.39,53000.0,8321.67,40660.72
DLMT11,50000.0,,,,,
DMAC11,50000.0,,,53000.0,,50000.0
DOMC11,50000.0,,,53000.0,,50000.0
DOVL11B,50000.0,,53624.34,53000.0,3821.25,49803.09
DPRO11,50000.0,,41608.12,53000.0,4668.11,36940.01
DRIT11B,50000.0,,52843.13,53000.0,8166.0,44677.13
DVFF11,50000.0,,51567.04,53000.0,5831.53,45735.51
DVLP11,50000.0,,,,,
EDFO11B,50000.0,,63558.25,53000.0,4605.17,58953.08
EDGA11,50000.0,,46186.6,53000.0,2545.23,43641.37
EDGA11B,50000.0,,,,,
EDGE11,50000.0,,,,,
EGAF11,50000.0,,54731.42,53000.0,7895.99,46835.43
EGDB11,50000.0,,,53000.0,,50462.37
EGYR11,50000.0,,,53000.0,,24941.92
ELDO11B,50000.0,,58157.5,53000.0,8157.5,50000.0
EMET11,50000.0,,,,,
ENDD11,50000.0,,,53000.0,,59056.59
EQIA11,50000.0,,,,,
EQIN11,50000.0,,,,,
EQIR11,50000.0,,58695.23,53000.0,6515.43,52179.8
ERCR11,50000.0,,53737.5,53000.0,3737.5,50000.0
ERPA11,50000.0,,60790.22,53000.0,3427.87,57362.35
ESTQ11,50000.0,,,,,
ESUD11,50000.0,,,,,
ESUT11,50000.0,,,53000.0,,88877.56
ESUU11,50000.0,,,53000.0,,40952.9
EURO11,50000.0,,55152.0,53000.0,4602.24,50549.76
EVBI11,50000.0,,9737.88,53000.0,4522.83,5215.04
EXES11,50000.0,,10546.59,53000.0,5369.31,5177.28
FAED11,50000.0,,50291.74,53000.0,6073.18,44218.56
FAED11B,50000.0,,,,,
FAGL11,50000.0,,,,,
FAMB11B,50000.0,,,53000.0,,37346.31
FAOE11,50000.0,,51121.53,53000.0,1121.53,50000.0
FARM11,50000.0,,,,,
FARU11,50000.0,,,,,
FATN11,50000.0,,55713.43,53000.0,5538.6,50174.83
FCAS11,50000.0,,,,,
FCFL11,50000.0,,55094.96,53000.0,4685.49,50409.47
FCFL11B,50000.0,,,,,
FEXC11,50000.0,,,53000.0,,49400.8
FEXC11B,50000.0,,,,,
FFCI11,50000.0,,,,,
FGAA11,50000.0,,53234.7,53000.0,7459.14,45775.56
FGPM11,50000.0,,,,,
FIGS11,50000.0,,49127.59,53000.0,4797.12,44330.47
FIIB11,50000.0,,54859.14,53000.0,4199.3,50659.84
FIIP11B,50000.0,,54726.57,53000.0,5011.2,49715.37
FINF11,50000.0,,,,,
FISC11,50000.0,,23082.44,53000.0,3715.18,19367.26
FISD11,50000.0,,,53000.0,,50000.0
FIVN11,50000.0,,,53000.0,,36180.09
FIXX11,50000.0,,,,,
FLCI11,50000.0,,,,,
FLCR11,50000.0,,59921.75,53000.0,6696.96,53224.79
FLEM11,50000.0,,,53000.0,,50000.0
FLFL11,50000.0,,,,,
FLMA11,50000.0,,54678.79,53000.0,4159.5,50519.29
FLNR11,50000.0,,,53000.0,,50000.0
FLRP11,50000.0,,55896.8,53000.0,3948.0,51948.8
FLRP11B,50000.0,,,,,
FMOF11,50000.0,,45737.73,53000.0,999.36,44738.37
FOEF11,50000.0,,,,,
FOFT11,50000.0,,,53000.0,,50000.0
FPAB11,50000.0,,65054.58,53000.0,2371.81,62682.77
FPNG11,50000.0,,117057.5,53000.0,792.5,116265.0
FPOR11,50000.0,,,53000.0,,187486.25
FRHY11,50000.0,,,,,
FTCE11B,50000.0,,52094.98,53000.0,1562.38,50532.6
FTRE11,50000.0,,,,,
FVBI11,50000.0,,,53000.0,,50000.0
FVBI11B,50000.0,,,,,
FVPQ11,50000.0,,35624.64,53000.0,6806.71,28817.93
FZDA11,50000.0,,51121.57,53000.0,432.78,50688.78
FZDB11,50000.0,,53400.01,53000.0,1776.96,51623.05
GALG11,50000.0,,58188.37,53000.0,5643.65,52544.72
GAME11,50000.0,,57179.23,53000.0,6174.32,51004.91
GARE11,50000.0,,55454.06,53000.0,5619.05,49835.01
GCFF11,50000.0,,50610.7,53000.0,540.75,50069.95
GCOI11,50000.0,,50406.96,53000.0,406.96,50000.0
GCRA11,50000.0,,42253.78,53000.0,9087.54,33166.24
GCRI11,50000.0,,49003.58,53000.0,7823.4,41180.18
GESE11B,50000.0,,89180.43,53000.0,39180.43,50000.0
GGRC11,50000.0,,52226.21,53000.0,5041.11,47185.1
GLOG11,50000.0,,51941.22,53000.0,5308.74,46632.48
GLPL11,50000.0,,,,,
GRLV11,50000.0,,,53000.0,,50000.0
GRUL11,50000.0,,,,,
GRWA11,50000.0,,58425.0,53000.0,8325.0,50100.0
GSFI11,50000.0,,,53000.0,,52819.92
GTLG11,50000.0,,51755.52,53000.0,656.04,51099.48
GTWR11,50000.0,,54093.17,53000.0,5792.28,48300.89
GURB11,50000.0,,53887.27,53000.0,1617.0,52270.27
GVBI11,50000.0,,,,,
GWIR11,50000.0,,,53000.0,,50000.0
GZIT11,50000.0,,47441.65,53000.0,7042.39,40399.26
HAAA11,50000.0,,31636.11,53000.0,4097.84,27538.27
HABT11,50000.0,,53820.3,53000.0,6905.91,46914.39
HBCR11,50000.0,,66727.89,53000.0,3401.23,63326.66
HBRH11,50000.0,,54987.3,53000.0,5082.19,49905.11
HBTT11,50000.0,,,53000.0,,50000.0
HCHG11,50000.0,,49676.56,53000.0,5787.95,43888.61
HCPR11,50000.0,,,,,
HCRA11,50000.0,,,53000.0,,21451.51
HCRI11,50000.0,,55068.59,53000.0,5716.99,49351.6
HCRI11B,50000.0,,,,,
HCST11,50000.0,,,53000.0,,46295.0
HCTR11,50000.0,,39488.36,53000.0,7124.14,32364.22
HDEL11,50000.0,,68296.79,53000.0,9417.8,58878.99
HDOF11,50000.0,,,53000.0,,41753.22
HFOF11,50000.0,,48689.49,53000.0,5367.6,43321.89
HGAG11,50000.0,,42052.07,53000.0,5998.44,36053.63
HGBL11,50000.0,,57665.76,53000.0,4916.0,52749.76
HGBS11,50000.0,,52997.27,53000.0,5149.3,47847.97
HGCR11,50000.0,,55125.97,53000.0,5735.4,49390.57
HGFF11,50000.0,,54367.59,53000.0,4897.2,49470.39
HGIC11,50000.0,,53669.36,53000.0,5693.96,47975.41
HGJH11,50000.0,,,53000.0,,50000.0
HGLG11,50000.0,,55307.09,53000.0,4065.6,51241.49
HGPO11,50000.0,,55849.59,53000.0,3104.2,52745.39
HGRE11,50000.0,,47356.69,53000.0,4525.5,42831.19
HGRS11,50000.0,,,,,
HGRU11,50000.0,,54015.39,53000.0,4723.6,49291.79
HILG11,50000.0,,54556.51,53000.0,4227.58,50328.93
HLMB11,50000.0,,,,,
HLOG11,50000.0,,47897.99,53000.0,3882.0,44015.99
HMOC11,50000.0,,,53000.0,,50000.0
HOFC11,50000.0,,63801.04,53000.0,1514.7,62286.34
HOMS11,50000.0,,,,,
HOSI11,50000.0,,78664.5,53000.0,4283.99,74380.5
HPDP11,50000.0,,57836.69,53000.0,3548.88,54287.81
HRDF11,50000.0,,,53000.0,,39605.19
HREC11,50000.0,,58046.13,53000.0,5686.41,52359.73
HRES11,50000.0,,76371.0,53000.0,4441.55,71929.45
HSAF11,50000.0,,55464.1,53000.0,6118.2,49345.9
HSLG11,50000.0,,49791.09,53000.0,5135.73,44655.36
HSML11,50000.0,,55497.32,53000.0,4862.72,50634.6
HSRE11,50000.0,,51470.5,53000.0,3975.0,47495.5
HTMX11,50000.0,,75066.09,53000.0,7814.6,67251.48
HTMX11B,50000.0,,,,,
HUCG11,50000.0,,53042.06,53000.0,595.68,52446.38
HUSC11,50000.0,,58506.42,53000.0,4708.0,53798.42
HUSI11,50000.0,,58251.79,53000.0,4014.87,54236.92
IAAG11,50000.0,,61397.26,53000.0,5507.68,55889.58
IAGR11,50000.0,,5200.04,53000.0,3584.21,1615.83
IBBP11,50000.0,,,,,
IBCR11,50000.0,,55123.82,53000.0,8091.0,47032.82
IBFF11,50000.0,,50213.25,53000.0,223.25,49990.0
ICNE11,50000.0,,58564.28,53000.0,8564.28,50000.0
ICRI11,50000.0,,53693.58,53000.0,2703.64,50989.94
IDFI11,50000.0,,29785.78,53000.0,11304.73,18481.05
IDGO11,50000.0,,,53000.0,,50000.0
IDGR11,50000.0,,25106.42,53000.0,7298.2,17808.22
IDUA11,50000.0,,45702.65,53000.0,1389.58,44313.07
IFID11,50000.0,,,,,
IFIE11,50000.0,,,,,
IFRA11,50000.0,,60947.92,53000.0,5943.8,55004.12
IFRI11,50000.0,,,53000.0,,53752.93
IMOV11,50000.0,,,,,
INDE11,50000.0,,,53000.0,,50000.0
INFA11,50000.0,,,,,
INFB11,50000.0,,,,,
IRDM11,50000.0,,51424.12,53000.0,6321.46,45102.67
IRIM11,50000.0,,46897.08,53000.0,6734.1,40162.98
ISCJ11,50000.0,,,53000.0,,31041.21
ITIP11,50000.0,,55270.32,53000.0,5325.32,49945.0
ITIT11,50000.0,,52487.55,53000.0,4921.74,47565.81
ITRI11,50000.0,,48682.02,53000.0,1566.0,47116.02
JASC11,50000.0,,61163.59,53000.0,2973.52,58190.07
JBFO11,50000.0,,48819.46,53000.0,1981.51,46837.95
JCCJ11,50000.0,,67699.64,53000.0,1372.77,66326.87
JCDA11,50000.0,,,,,
JCDB11,50000.0,,,,,
JCIN11,50000.0,,50214.88,53000.0,399.4,49815.49
JFLL11,50000.0,,50504.18,53000.0,5223.68,45280.5
JGPX11,50000.0,,50306.53,53000.0,7866.72,42439.81
JMBI11,50000.0,,,,,
JPPA11,50000.0,,48923.52,53000.0,7496.22,41427.3
JPPC11,50000.0,,68.65,53000.0,56.27,12.38
JRDM11,50000.0,,50762.73,53000.0,232.8,50529.93
JRDM11B,50000.0,,,,,
JSAF11,50000.0,,58160.86,53000.0,5953.07,52207.79
JSCR11,50000.0,,53278.06,53000.0,338.35,52939.71
JSRE11,50000.0,,47975.98,53000.0,4282.44,43693.54
JTPR11,50000.0,,,53000.0,,50000.0
JURO11,50000.0,,59321.75,53000.0,7260.75,52061.0
KCRE11,50000.0,,10628.35,53000.0,5645.47,4982.88
KDIF11,50000.0,,57059.07,53000.0,4783.25,52275.82
KDOL11,50000.0,,,,,
KEVE11,50000.0,,55533.69,53000.0,101.9,55431.79
KFEN11,50000.0,,,,,
KFOF11,50000.0,,52235.29,53000.0,5420.8,46814.49
KINP11,50000.0,,79535.07,53000.0,30284.98,49250.1
KISU11,50000.0,,53545.24,53000.0,5489.93,48055.31
KIVO11,50000.0,,53995.01,53000.0,7934.4,46060.61
KLOG11,50000.0,,,,,
KNCA11,50000.0,,55732.13,53000.0,6281.86,49450.27
KNCR11,50000.0,,59497.77,53000.0,5928.0,53569.77
KNHF11,50000.0,,53300.21,53000.0,5742.25,47557.96
KNHY11,50000.0,,59459.37,53000.0,6087.51,53371.86
KNIP11,50000.0,,57713.47,53000.0,5033.6,52679.87
KNOX11,50000.0,,,53000.0,,50624.33
KNPR11,50000.0,,,,,
KNRE11,50000.0,,41333.1,53000.0,4493.03,36840.07
KNRI11,50000.0,,54134.6,53000.0,3800.1,50334.5
KNSC11,50000.0,,57758.76,53000.0,5264.03,52494.74
KNUQ11,50000.0,,57902.74,53000.0,5901.28,52001.46
KOPA11,50000.0,,54636.47,53000.0,1761.5,52874.97
KOPI11,50000.0,,,,,
KORE11,50000.0,,55446.56,53000.0,4606.72,50839.84
KRES11,50000.0,,,,,
LAFI11,50000.0,,,,,
LASC11,50000.0,,59205.43,53000.0,3267.37,55938.05
LATR11B,50000.0,,151210.07,53000.0,101155.08,50054.99
LAVF11,50000.0,,,,,
LFTT11,50000.0,,27438.37,53000.0,11283.21,16155.16
LGCP11,50000.0,,54523.8,53000.0,4963.42,49560.38
LKDV11,50000.0,,,53000.0,,51421.05
LLAO11,50000.0,,49149.48,53000.0,1144.1,48005.38
LOFT11,50000.0,,,,,
LOFT11B,50000.0,,,53000.0,,50000.0
LPLP11,50000.0,,58945.06,53000.0,9039.4,49905.67
LRDI11,50000.0,,,53000.0,,50000.0
LRED11,50000.0,,,,,
LSAG11,50000.0,,,53000.0,,40515.06
LSOI11,50000.0,,,53000.0,,50000.0
LSPA11,50000.0,,70920.9,53000.0,39542.03,31378.87
LTMT11,50000.0,,,,,
LUGG11,50000.0,,44656.98,53000.0,4508.02,40148.96
LVBI11,50000.0,,53615.08,53000.0,4708.0,48907.08
MANA11,50000.0,,56759.98,53000.0,6655.0,50104.98
MATV11,50000.0,,50341.2,53000.0,346.2,49995.0
MAVC11,50000.0,,,,,
MAXR11,50000.0,,60706.5,53000.0,5733.23,54973.27
MAXR11B,50000.0,,,,,
MBRF11,50000.0,,,,,
MCCI11,50000.0,,54860.84,53000.0,5544.9,49315.94
MCEM11,50000.0,,,53000.0,,54972.22
MCFF11,50000.0,,,,,
MCHF11,50000.0,,51827.19,53000.0,2637.12,49190.07
MCHY11,50000.0,,52458.59,53000.0,7343.28,45115.31
MFAI11,50000.0,,52541.37,53000.0,4865.63,47675.74
MFCR11,50000.0,,28213.96,53000.0,15120.56,13093.4
MFII11,50000.0,,61512.55,53000.0,6798.47,54714.08
MFVI11,50000.0,,,,,
MGCR11,50000.0,,51286.88,53000.0,531.9,50754.98
MGFF11,50000.0,,52041.25,53000.0,1506.54,50534.71
MGHT11,50000.0,,28385.84,53000.0,15165.24,13220.6
MGLC11,50000.0,,,,,
MGLG11,50000.0,,43330.96,53000.0,4278.69,39052.27
MGRI11,50000.0,,62497.1,53000.0,12497.1,50000.0
MINT11,50000.0,,49657.66,53000.0,2346.4,47311.26
MMPD11,50000.0,,,,,
MMVE11,50000.0,,,53000.0,,49401.73
MOFF11,50000.0,,,,,
MORC11,50000.0,,52537.51,53000.0,3641.8,48895.71
MORE11,50000.0,,51314.2,53000.0,1279.2,50035.0
MTOF11,50000.0,,,53000.0,,50000.0
MTRS11,50000.0,,,,,
MVFI11,50000.0,,,,,
MXRF11,50000.0,,54252.57,53000.0,6212.5,48040.07
MYDW11,50000.0,,,,,
N4V111,50000.0,,,,,
NAGR11,50000.0,,,,,
NAVT11,50000.0,,58296.01,53000.0,9059.99,49236.01
NCHB11,50000.0,,58548.21,53000.0,6418.35,52129.86
NCHB11B,50000.0,,,,,
NCRA11,50000.0,,48663.84,53000.0,7708.3,40955.54
NCRI11,50000.0,,55728.69,53000.0,6183.61,49545.07
NEWL11,50000.0,,56480.31,53000.0,5187.19,51293.12
NEWU11,50000.0,,56171.34,53000.0,1272.96,54898.38
NEXG11,50000.0,,59781.02,53000.0,1199.61,58581.41
NIVT11,50000.0,,,,,
NSLU11,50000.0,,53448.95,53000.0,5133.65,48315.29
NSLU11B,50000.0,,,,,
NUIF11,50000.0,,56456.96,53000.0,5184.0,51272.96
NVHO11,50000.0,,67854.9,53000.0,3820.55,64034.35
NVIF11B,50000.0,,52385.37,53000.0,2385.37,50000.0
NVRP11,50000.0,,,53000.0,,14707.4
OBAL11,50000.0,,,53000.0,,49990.05
OCRE11,50000.0,,44814.81,53000.0,5609.81,39205.0
OGHY11,50000.0,,45409.75,53000.0,3038.49,42371.26
OGIN11,50000.0,,64262.29,53000.0,7307.3,56954.99
OIAG11,50000.0,,51535.1,53000.0,8039.68,43495.42
ONDV11,50000.0,,,,,
ONEF11,50000.0,,59007.06,53000.0,9121.62,49885.44
OPEQ11,50000.0,,,,,
OPHF11,50000.0,,,,,
OPTM11,50000.0,,,,,
ORPD11,50000.0,,,53000.0,,48436.85
OUCY11,50000.0,,,,,
OUFF11,50000.0,,48572.34,53000.0,6074.3,42498.03
OUJP11,50000.0,,47671.84,53000.0,6915.42,40756.42
OULG11,50000.0,,39370.45,53000.0,3115.5,36254.95
OULG11B,50000.0,,,,,
OURE11,50000.0,,55123.78,53000.0,6163.16,48960.63
PABY11,50000.0,,,53000.0,,28231.31
PATA11,50000.0,,,,,
PATB11,50000.0,,,,,
PATC11,50000.0,,34332.57,53000.0,8798.42,25534.15
PATL11,50000.0,,46597.83,53000.0,5894.19,40703.64
PBLV11,50000.0,,56633.73,53000.0,6633.73,50000.0
PCAS11,50000.0,,,,,
PDDA11B,50000.0,,,,,
PEMA11,50000.0,,43149.91,53000.0,9383.41,33766.5
PFIN11,50000.0,,,53000.0,,54623.24
PICE11,50000.0,,,53000.0,,29432.06
PLCA11,50000.0,,50996.06,53000.0,7614.12,43381.94
PLCR11,50000.0,,53801.29,53000.0,5675.96,48125.33
PLOG11,50000.0,,53977.94,53000.0,6666.1,47311.84
PLRI11,50000.0,,67889.65,53000.0,20879.35,47010.3
PMFO11,50000.0,,55366.46,53000.0,4927.01,50439.45
PMIS11,50000.0,,55941.82,53000.0,4311.86,51629.95
PNCR11,50000.0,,57224.21,53000.0,10358.04,46866.17
PNDL11,50000.0,,46325.8,53000.0,269.22,46056.58
PNLM11,50000.0,,,,,
PNLN11,50000.0,,,,,
PNPR11,50000.0,,38596.3,53000.0,813.03,37783.27
PNRC11,50000.0,,7864.5,53000.0,7853.7,10.8
PORD11,50000.0,,57321.83,53000.0,6466.85,50854.98
PPEI11,50000.0,,,53000.0,,55024.85
PQAG11,50000.0,,57835.72,53000.0,4547.84,53287.88
PQDP11,50000.0,,54206.09,53000.0,5203.97,49002.11
PRSN11B,50000.0,,62506.2,53000.0,6016.36,56489.85
PRSV11,50000.0,,,53000.0,,36740.23
PRTS11,50000.0,,50023.27,53000.0,23.27,50000.0
PRZS11,50000.0,,,,,
PULV11,50000.0,,53239.0,53000.0,4074.0,49165.0
PURB11,50000.0,,,,,
PVBI11,50000.0,,50627.43,53000.0,4301.31,46326.12
QAGR11,50000.0,,53305.91,53000.0,5619.17,47686.74
QAMI11,50000.0,,54140.56,53000.0,1003.0,53137.56
QIFF11,50000.0,,,,,
QIRI11,50000.0,,49813.06,53000.0,422.4,49390.66
QMFF11,50000.0,,,,,
QTZD11,50000.0,,,,,
RBBV11,50000.0,,,53000.0,,50000.0
RBCB11,50000.0,,,53000.0,,50000.0
RBCO11,50000.0,,,,,
RBDS11,50000.0,,,53000.0,,54299.83
RBED11,50000.0,,55550.87,53000.0,6029.8,49521.07
RBFF11,50000.0,,55100.51,53000.0,4975.53,50124.98
RBGS11,50000.0,,,53000.0,,50000.0
RBHG11,50000.0,,55054.62,53000.0,6932.5,48122.12
RBHY11,50000.0,,55044.41,53000.0,7570.2,47474.21
RBIF11,50000.0,,54476.58,53000.0,6501.41,47975.17
RBIR11,50000.0,,50980.7,53000.0,1619.87,49360.83
RBIV11,50000.0,,,,,
RBLG11,50000.0,,42615.31,53000.0,8379.0,34236.31
RBOP11,50000.0,,67145.01,53000.0,7308.9,59836.11
RBRD11,50000.0,,60390.33,53000.0,5363.6,55026.73
RBRF11,50000.0,,50153.51,53000.0,4387.92,45765.59
RBRI11,50000.0,,73233.28,53000.0,1404.0,71829.28
RBRL11,50000.0,,49875.03,53000.0,5118.2,44756.83
RBRM11,50000.0,,50000.0,53000.0,0.0,50000.0
RBRP11,50000.0,,56170.32,53000.0,4286.43,51883.89
RBRR11,50000.0,,57237.57,53000.0,5095.27,52142.3
RBRS11,50000.0,,41265.3,53000.0,1861.38,39403.92
RBRX11,50000.0,,57005.18,53000.0,6675.21,50329.97
RBRY11,50000.0,,55346.49,53000.0,6439.56,48906.93
RBTS11,50000.0,,44656.94,53000.0,11783.76,32873.18
RBVA11,50000.0,,54188.79,53000.0,5676.0,48512.79
RBVO11,50000.0,,123736.03,53000.0,6760.32,116975.71
RCFA11,50000.0,,,53000.0,,21220.55
RCFF11,50000.0,,54183.73,53000.0,1006.91,53176.82
RCKF11,50000.0,,,,,
RCRB11,50000.0,,49724.14,53000.0,3940.02,45784.12
RDCI11,50000.0,,,,,
RDES11,50000.0,,,,,
RDLI11,50000.0,,,53000.0,,50000.0
RDLS11,50000.0,,,,,
RDPD11,50000.0,,32639.42,53000.0,10950.31,21689.11
RECH11,50000.0,,,,,
RECT11,50000.0,,42099.58,53000.0,6695.26,35404.32
RECX11,50000.0,,53128.05,53000.0,4872.52,48255.52
REIT11,50000.0,,42591.17,53000.0,2837.2,39753.97
REIT11B,50000.0,,,,,
RELG11,50000.0,,50978.89,53000.0,434.2,50544.69
RENV11,50000.0,,,53000.0,,48265.01
REON11,50000.0,,,,,
RFOF11,50000.0,,51233.01,53000.0,6228.67,45004.34
RIFF11,50000.0,,,,,
RINV11,50000.0,,58079.96,53000.0,7046.94,51033.02
RMAI11,50000.0,,78517.03,53000.0,3493.91,75023.12
RNDP11,50000.0,,33155.32,53000.0,10565.52,22589.8
RNGO11,50000.0,,54302.52,53000.0,4992.2,49310.32
ROOF11,50000.0,,71319.93,53000.0,2878.36,68441.57
RPRI11,50000.0,,54118.87,53000.0,6410.85,47708.02
RRCI11,50000.0,,54927.51,53000.0,6905.74,48021.77
RSPD11,50000.0,,45547.71,53000.0,3193.39,42354.33
RTEL11,50000.0,,,,,
RURA11,50000.0,,,53000.0,,48000.06
RVBI11,50000.0,,51901.06,53000.0,5980.8,45920.26
RZAG11,50000.0,,52882.23,53000.0,7941.66,44940.57
RZAK11,50000.0,,54515.76,53000.0,8120.4,46395.36
RZAT11,50000.0,,62839.44,53000.0,6370.32,56469.12
RZDS11,50000.0,,,,,
RZEO11,50000.0,,137120.03,53000.0,2482.3,134637.73
RZTR11,50000.0,,55488.57,53000.0,6398.55,49090.02
RZZI11,50000.0,,,,,
SAAG11,50000.0,,,53000.0,,50000.0
SACL11,50000.0,,,,,
SADI11,50000.0,,59080.23,53000.0,6331.44,52748.79
SAIC11B,50000.0,,,53000.0,,20.0
SALI11,50000.0,,,,,
SAPI11,50000.0,,51324.99,53000.0,4189.27,47135.72
SARE11,50000.0,,41420.45,53000.0,5739.68,35680.77
SAUS11,50000.0,,,,,
SBCL11,50000.0,,,,,
SCPF11,50000.0,,29319.45,53000.0,2518.56,26800.89
SDIL11,50000.0,,59408.64,53000.0,5029.78,54378.86
SDIP11,50000.0,,,,,
SEED11,50000.0,,57935.0,53000.0,5465.0,52470.0
SEQR11,50000.0,,48188.37,53000.0,8077.45,40110.92
SFND11,50000.0,,50060.1,53000.0,60.1,50000.0
SHDP11B,50000.0,,,,,
SHOP11,50000.0,,,53000.0,,49255.38
SHPH11,50000.0,,59876.61,53000.0,3113.6,56763.01
SHSO11,50000.0,,,,,
SIGR11,50000.0,,54611.33,53000.0,4661.28,49950.05
SJAU11,50000.0,,48183.92,53000.0,9979.2,38204.72
SLDZ11,50000.0,,,,,
SMRE11,50000.0,,52763.88,53000.0,1638.88,51125.0
SNEL11,50000.0,,62502.41,53000.0,5507.58,56994.83
SNFZ11,50000.0,,,53000.0,,50000.0
SNID11,50000.0,,58858.51,53000.0,6394.5,52464.01
SNLG11,50000.0,,53135.61,53000.0,3225.6,49910.01
SNME11,50000.0,,50242.5,53000.0,5122.02,45120.47
SOLR11,50000.0,,50021.63,53000.0,224.23,49797.4
SPAF11,50000.0,,,,,
SPDE11,50000.0,,62137.06,53000.0,357.2,61779.86
SPGM11,50000.0,,,53000.0,,50000.0
SPMO11,50000.0,,60192.78,53000.0,149.21,60043.57
SPTW11,50000.0,,56411.57,53000.0,6766.39,49645.18
SPVJ11,50000.0,,,,,
SPXC11,50000.0,,,,,
SPXG11,50000.0,,,,,
SPXL11,50000.0,,,,,
SPXS11,50000.0,,55239.71,53000.0,6339.7,48900.01
SRVD11,50000.0,,29649.15,53000.0,3333.2,26315.95
STMB11,50000.0,,,,,
STRX11,50000.0,,53237.82,53000.0,2978.36,50259.46
TBOF11,50000.0,,52643.46,53000.0,2643.46,50000.0
TCIN11,50000.0,,,53000.0,,53463.38
TCPF11,50000.0,,62867.52,53000.0,12867.52,50000.0
TELD11,50000.0,,,,,
TELF11,50000.0,,,,,
TELM11,50000.0,,,,,
TEPP11,50000.0,,56337.5,53000.0,5493.6,50843.9
TFOF11,50000.0,,,53000.0,,50000.0
TGAR11,50000.0,,56132.33,53000.0,6865.94,49266.39
THRA11,50000.0,,,53000.0,,50000.0
THRA11B,50000.0,,,,,
TJKB11,50000.0,,57957.41,53000.0,5564.8,52392.61
TMPS11,50000.0,,52353.11,53000.0,6042.75,46310.36
TORD11,50000.0,,27036.87,53000.0,1851.85,25185.02
TRBL11,50000.0,,55461.09,53000.0,4956.45,50504.64
TRNT11,50000.0,,43526.91,53000.0,1209.6,42317.31
TRNT11B,50000.0,,,,,
TRXB11,50000.0,,75638.74,53000.0,4309.47,71329.27
TRXF11,50000.0,,53211.84,53000.0,5548.38,47663.46
TRXL11,50000.0,,,,,
TSER11,50000.0,,55189.91,53000.0,5694.27,49495.64
TSNC11,50000.0,,,,,
TSNM11,50000.0,,,,,
TVRI11,50000.0,,58064.64,53000.0,5540.37,52524.27
UBSR11,50000.0,,,,,
UMED11,50000.0,,,,,
URHF11,50000.0,,102441.61,53000.0,593.46,101848.15
URPR11,50000.0,,51463.24,53000.0,7968.9,43494.34
VANG11,50000.0,,,53000.0,,50998.16
VCHG11,50000.0,,,,,
VCJR11,50000.0,,57969.65,53000.0,5772.3,52197.35
VCRA11,50000.0,,49954.46,53000.0,8391.45,41563.01
VCRI11,50000.0,,56933.9,53000.0,6344.0,50589.9
VCRR11,50000.0,,51938.6,53000.0,6177.69,45760.91
VCTH11,50000.0,,,,,
VDSV11,50000.0,,,,,
VERE11,50000.0,,53757.79,53000.0,3504.2,50253.59
VGHF11,50000.0,,53749.94,53000.0,6639.75,47110.19
VGIA11,50000.0,,53932.84,53000.0,7752.73,46180.11
VGII11,50000.0,,,,,
VGIP11,50000.0,,55794.42,53000.0,5549.76,50244.66
VGIR11,50000.0,,58602.62,53000.0,6757.73,51844.89
VGPR11,50000.0,,,,,
VGRI11,50000.0,,51551.11,53000.0,4800.66,46750.45
VIDS11,50000.0,,53897.14,53000.0,4050.41,49846.72
VIFI11,50000.0,,53084.94,53000.0,5389.65,47695.29
VIGT11,50000.0,,,53000.0,,40742.96
VILG11,50000.0,,45747.58,53000.0,4276.82,41470.76
VINO11,50000.0,,39000.35,53000.0,5828.57,33171.77
VISC11,50000.0,,52684.36,53000.0,5100.68,47583.68
VIUR11,50000.0,,45940.61,53000.0,6464.33,39476.27
VJFD11,50000.0,,53800.16,53000.0,3800.16,50000.0
VLIQ11,50000.0,,,,,
VLJS11,50000.0,,,53000.0,,50000.0
VLOL11,50000.0,,51266.66,53000.0,946.78,50319.87
VOTS11,50000.0,,56481.0,53000.0,6825.96,49655.04
VPSI11,50000.0,,70771.38,53000.0,11063.23,59708.16
VRTM11,50000.0,,57567.31,53000.0,3942.96,53624.35
VSEC11,50000.0,,22057.65,53000.0,19047.6,3010.05
VSHO11,50000.0,,52339.3,53000.0,5428.72,46910.58
VSLH11,50000.0,,52339.57,53000.0,6764.3,45575.27
VTLT11,50000.0,,56819.83,53000.0,5700.24,51119.59
VTPA11,50000.0,,,,,
VTPL11,50000.0,,,53000.0,,50000.0
VTVI11,50000.0,,,,,
VTXI11,50000.0,,,,,
VVCO11,50000.0,,,53000.0,,49580.03
VVCR11,50000.0,,50241.54,53000.0,6096.39,44145.15
VVMR11,50000.0,,52123.07,53000.0,5128.39,46994.68
VVPR11,50000.0,,50224.3,53000.0,439.03,49785.27
VVRI11,50000.0,,59383.62,53000.0,7043.85,52339.77
VXXV11,50000.0,,46505.59,53000.0,13766.96,32738.63
WHGR11,50000.0,,57534.62,53000.0,6114.82,51419.8
WMRB11B,50000.0,,,,,
WPLZ11,50000.0,,45252.03,53000.0,4110.28,41141.75
WPLZ11B,50000.0,,,,,
WSEC11,50000.0,,59358.34,53000.0,7138.51,52219.83
WTSP11B,50000.0,,55461.79,53000.0,6146.35,49315.44
WVSC11,50000.0,,,,,
XBXO11,50000.0,,,,,
XPCA11,50000.0,,53829.73,53000.0,7619.3,46210.43
XPCI11,50000.0,,57008.59,53000.0,6099.0,50909.59
XPCM11,50000.0,,35486.55,53000.0,1824.6,33661.95
XPGA11,50000.0,,,,,
XPHT11,50000.0,,56455.94,53000.0,1631.93,54824.01
XPID11,50000.0,,44116.02,53000.0,4386.25,39729.77
XPIE11,50000.0,,,53000.0,,47926.62
XPIN11,50000.0,,52781.09,53000.0,4815.0,47966.09
XPLG11,50000.0,,50936.16,53000.0,4511.52,46424.64
XPML11,50000.0,,58128.16,53000.0,5127.2,53000.96
XPPR11,50000.0,,43670.24,53000.0,2679.93,40990.31
XPSF11,50000.0,,50001.25,53000.0,5940.75,44060.5
XTED11,50000.0,,,53000.0,,70221.67
YCHY11,50000.0,,,,,
YEES11,50000.0,,,53000.0,,50000.0
YUFI11,50000.0,,51626.26,53000.0,1711.13,49915.13
YUFI11B,50000.0,,,,,
ZAGH11,50000.0,,61109.89,53000.0,1291.46,59818.43
ZAVC11,50000.0,,55437.09,53000.0,1477.46,53959.63
ZAVI11,50000.0,,52429.73,53000.0,6214.88,46214.85
ZIFI11,50000.0,,42756.07,53000.0,214.82,42541.25
